layer,layer_path,layer_type,operation,parameters,mae,mae_normalized,mrstft,spectral_centroid,spectral_bandwidth,spectral_rolloff,rms_energy,status,severity,clipping,audio,plot,error
decoder.model.13,decoder.model.13,SEANetResnetBlock,skip,{},1.0088138580322266,0.11177470535039902,8.352203369140625,2466.989465428622,3353.313601384041,4801.061519058296,0.07235012948513031,CLIPPED,3,True,0008_decoder_13_skip.wav,,
decoder.model.7,decoder.model.7,SEANetResnetBlock,skip,{},0.16561125218868256,0.10874871164560318,2.8011677265167236,4640.15805822476,4140.022713781154,9678.531390134529,0.1327485293149948,VALID,0,False,0004_decoder_7_skip.wav,,
decoder.model.4,decoder.model.4,SEANetResnetBlock,skip,{},0.16256757080554962,0.1043912023305893,2.281738519668579,2709.3150511180093,3683.0661139946483,6469.906109865471,0.1295647770166397,VALID,0,False,0002_decoder_4_skip.wav,,
decoder.model.10,decoder.model.10,SEANetResnetBlock,skip,{},0.1604520082473755,0.10512913018465042,3.191911458969116,6229.165294154923,5546.451573836211,13058.78643497758,0.08173976838588715,VALID,0,False,0006_decoder_10_skip.wav,,
decoder.model.14,decoder.model.14,ELU,skip,{},0.05235639959573746,0.020286349579691887,1.2967675924301147,3403.3511698767043,3238.3981344685258,6437.219730941704,0.08558820933103561,VALID,0,False,0009_decoder_14_skip.wav,,
decoder.model.1,decoder.model.1,SLSTM,skip,{},0.036281831562519073,0.022400572896003723,0.8101376891136169,2715.162952555099,2809.732007069496,5461.095151345292,0.1361100822687149,VALID,0,False,0000_decoder_1_skip.wav,,
decoder.model.8,decoder.model.8,ELU,skip,{},0.03185499086976051,0.015593575313687325,0.8755657076835632,3233.733266316323,3165.513695389577,6510.842909192825,0.11975856125354767,VALID,0,False,0005_decoder_8_skip.wav,,
decoder.model.5,decoder.model.5,ELU,skip,{},0.029924778267741203,0.01834969036281109,0.6601991057395935,2990.335263354724,2680.9883239466117,5434.29442264574,0.14622201025485992,VALID,0,False,0003_decoder_5_skip.wav,,
decoder.model.11,decoder.model.11,ELU,skip,{},0.024521604180336,0.015024279244244099,0.8334957957267761,3491.535881866958,3034.7351251676982,6588.565022421525,0.14229412376880646,VALID,0,False,0007_decoder_11_skip.wav,,
decoder.model.2,decoder.model.2,ELU,skip,{},0.012564855627715588,0.007431593723595142,0.3294506371021271,3131.253589378634,2904.95436122846,5976.930353139013,0.1456955373287201,VALID,0,False,0001_decoder_2_skip.wav,,
