layer,layer_path,layer_type,operation,parameters,mae,mae_normalized,mrstft,spectral_centroid,spectral_bandwidth,spectral_rolloff,rms_energy,status,severity,clipping,audio,plot,error,audio_file,raw_mae
decoder.model.13,decoder.model.13,SEANetResnetBlock,skip,{},0.8482462763786316,0.11247968673706055,8.6376314163208,4109.783402491889,4814.248931114321,9064.839071856288,0.046867888420820236,CLIPPED,3,True,,,,AmenBreak.wav,0.8482462763786316
decoder.model.10,decoder.model.10,SEANetResnetBlock,skip,{},0.1316039264202118,0.07164596021175385,2.954988479614258,5863.309352577721,5446.6179364297295,12505.94124251497,0.1054290160536766,VALID,0,False,,,,AmenBreak.wav,0.1316039264202118
decoder.model.4,decoder.model.4,SEANetResnetBlock,skip,{},0.12585008144378662,0.09460229426622391,2.4623537063598633,4200.271208136104,4838.251675426045,10285.273203592815,0.11177958548069,VALID,0,False,,,,AmenBreak.wav,0.12585008144378662
decoder.model.7,decoder.model.7,SEANetResnetBlock,skip,{},0.12232372909784317,0.09516371786594391,2.894197702407837,4956.374839649677,4562.154074452827,10711.077844311378,0.11768658459186554,VALID,0,False,,,,AmenBreak.wav,0.12232372909784317
decoder.model.14,decoder.model.14,ELU,skip,{},0.036283332854509354,0.02048576809465885,1.1449311971664429,5107.933389541405,3898.3318155168145,8828.499251497005,0.056844476610422134,VALID,0,False,,,,AmenBreak.wav,0.036283332854509354
decoder.model.5,decoder.model.5,ELU,skip,{},0.021268799901008606,0.01684633642435074,0.6877573132514954,4105.361124316973,3306.6852058091104,7567.7863023952095,0.10350392013788223,VALID,0,False,,,,AmenBreak.wav,0.021268799901008606
decoder.model.8,decoder.model.8,ELU,skip,{},0.02073076367378235,0.015818696469068527,0.6719574928283691,4294.789846543197,3569.5863526827493,8272.45508982036,0.08402848243713379,VALID,0,False,,,,AmenBreak.wav,0.02073076367378235
decoder.model.1,decoder.model.1,SLSTM,skip,{},0.019266853109002113,0.015432700514793396,0.7979723811149597,4017.8310336935583,3594.822694090284,8013.239146706587,0.09306875616312027,VALID,0,False,,,,AmenBreak.wav,0.019266853109002113
decoder.model.11,decoder.model.11,ELU,skip,{},0.014034250751137733,0.011216593906283379,0.5572046041488647,4789.097756761506,3343.9299284562435,8256.736526946108,0.10031841695308685,VALID,0,False,,,,AmenBreak.wav,0.014034250751137733
decoder.model.2,decoder.model.2,ELU,skip,{},0.008105619810521603,0.006435713730752468,0.30479148030281067,4534.896208598933,3420.086852210851,8150.63622754491,0.09869688749313354,VALID,0,False,,,,AmenBreak.wav,0.008105619810521603
decoder.model.13,decoder.model.13,SEANetResnetBlock,skip,{},0.3887314796447754,0.0995643213391304,8.647189140319824,2747.640413813877,4773.116947312555,6357.783844111969,0.03448273986577988,VALID,0,False,,,,Fontane Sprachsignal.wav,0.3887314796447754
decoder.model.10,decoder.model.10,SEANetResnetBlock,skip,{},0.06266903132200241,0.06758634746074677,2.8333206176757812,4027.33464487294,4783.424020110707,9172.681889478765,0.041314929723739624,VALID,0,False,,,,Fontane Sprachsignal.wav,0.06266903132200241
decoder.model.4,decoder.model.4,SEANetResnetBlock,skip,{},0.05904101952910423,0.08745795488357544,3.5981369018554688,6913.958670845636,6233.132205075631,14830.349601833977,0.0510079562664032,VALID,0,False,,,,Fontane Sprachsignal.wav,0.05904101952910423
decoder.model.7,decoder.model.7,SEANetResnetBlock,skip,{},0.054625626653432846,0.07318267226219177,3.7496087551116943,5739.600732336012,4996.4003996048705,11672.779922779922,0.04926339164376259,VALID,0,False,,,,Fontane Sprachsignal.wav,0.054625626653432846
decoder.model.14,decoder.model.14,ELU,skip,{},0.017282290384173393,0.01737385429441929,1.055864691734314,5775.960283901329,5202.953697082922,10958.931587837838,0.02520974911749363,VALID,0,False,,,,Fontane Sprachsignal.wav,0.017282290384173393
decoder.model.8,decoder.model.8,ELU,skip,{},0.009579256176948547,0.013665714301168919,0.8932649493217468,3292.9873096790807,3786.075279188844,6766.627956081081,0.03778960555791855,VALID,0,False,,,,Fontane Sprachsignal.wav,0.009579256176948547
decoder.model.1,decoder.model.1,SLSTM,skip,{},0.009264800697565079,0.014306044206023216,1.0351780652999878,2104.5025204039644,2986.94848883764,3732.2182673745174,0.043474432080984116,VALID,0,False,,,,Fontane Sprachsignal.wav,0.009264800697565079
decoder.model.5,decoder.model.5,ELU,skip,{},0.007118062116205692,0.010845336131751537,0.8729279637336731,3469.2107778092295,3937.2036671457035,6961.616192084942,0.04517413303256035,VALID,0,False,,,,Fontane Sprachsignal.wav,0.007118062116205692
decoder.model.11,decoder.model.11,ELU,skip,{},0.006524025462567806,0.009951337240636349,0.9238540530204773,4297.795545935563,4102.274862041224,8598.938223938225,0.04498359560966492,VALID,0,False,,,,Fontane Sprachsignal.wav,0.006524025462567806
decoder.model.2,decoder.model.2,ELU,skip,{},0.002191237173974514,0.003343936987221241,0.3022178113460541,4029.5343022344364,3943.88204760234,7537.350687741313,0.04372752830386162,VALID,0,False,,,,Fontane Sprachsignal.wav,0.002191237173974514
decoder.model.13,decoder.model.13,SEANetResnetBlock,skip,{},1.0088138580322266,0.11177470535039902,8.352203369140625,2466.989465428622,3353.313601384041,4801.061519058296,0.07235012948513031,CLIPPED,3,True,,,,GLM.wav,1.0088138580322266
decoder.model.7,decoder.model.7,SEANetResnetBlock,skip,{},0.16561125218868256,0.10874871164560318,2.8011677265167236,4640.15805822476,4140.022713781154,9678.531390134529,0.1327485293149948,VALID,0,False,,,,GLM.wav,0.16561125218868256
decoder.model.4,decoder.model.4,SEANetResnetBlock,skip,{},0.16256757080554962,0.1043912023305893,2.281738519668579,2709.3150511180093,3683.0661139946483,6469.906109865471,0.1295647770166397,VALID,0,False,,,,GLM.wav,0.16256757080554962
decoder.model.10,decoder.model.10,SEANetResnetBlock,skip,{},0.1604520082473755,0.10512913018465042,3.191911458969116,6229.165294154923,5546.451573836211,13058.78643497758,0.08173976838588715,VALID,0,False,,,,GLM.wav,0.1604520082473755
decoder.model.14,decoder.model.14,ELU,skip,{},0.05235639959573746,0.020286349579691887,1.2967675924301147,3403.3511698767043,3238.3981344685258,6437.219730941704,0.08558820933103561,VALID,0,False,,,,GLM.wav,0.05235639959573746
decoder.model.1,decoder.model.1,SLSTM,skip,{},0.036281831562519073,0.022400572896003723,0.8101376891136169,2715.162952555099,2809.732007069496,5461.095151345292,0.1361100822687149,VALID,0,False,,,,GLM.wav,0.036281831562519073
decoder.model.8,decoder.model.8,ELU,skip,{},0.03185499086976051,0.015593575313687325,0.8755657076835632,3233.733266316323,3165.513695389577,6510.842909192825,0.11975856125354767,VALID,0,False,,,,GLM.wav,0.03185499086976051
decoder.model.5,decoder.model.5,ELU,skip,{},0.029924778267741203,0.01834969036281109,0.6601991057395935,2990.335263354724,2680.9883239466117,5434.29442264574,0.14622201025485992,VALID,0,False,,,,GLM.wav,0.029924778267741203
decoder.model.11,decoder.model.11,ELU,skip,{},0.024521604180336,0.015024279244244099,0.8334957957267761,3491.535881866958,3034.7351251676982,6588.565022421525,0.14229412376880646,VALID,0,False,,,,GLM.wav,0.024521604180336
decoder.model.2,decoder.model.2,ELU,skip,{},0.012564855627715588,0.007431593723595142,0.3294506371021271,3131.253589378634,2904.95436122846,5976.930353139013,0.1456955373287201,VALID,0,False,,,,GLM.wav,0.012564855627715588
decoder.model.13,decoder.model.13,SEANetResnetBlock,skip,{},0.3832768499851227,0.08886535465717316,8.872246742248535,3117.2091950439035,5050.00940592255,7897.681451612903,0.031171765178442,VALID,0,False,,,,tof.wav,0.3832768499851227
decoder.model.7,decoder.model.7,SEANetResnetBlock,skip,{},0.058414243161678314,0.07351090013980865,3.170541763305664,5237.068488345461,4509.251592185832,10620.589717741936,0.05427756533026695,VALID,0,False,,,,tof.wav,0.058414243161678314
decoder.model.10,decoder.model.10,SEANetResnetBlock,skip,{},0.057764433324337006,0.047229986637830734,2.852454423904419,4904.602098649949,4946.229368396277,10643.271169354839,0.03571150451898575,VALID,0,False,,,,tof.wav,0.057764433324337006
decoder.model.4,decoder.model.4,SEANetResnetBlock,skip,{},0.05434219911694527,0.07519322633743286,2.796719551086426,5562.526779817032,5639.084556794463,12935.735887096775,0.04720255732536316,VALID,0,False,,,,tof.wav,0.05434219911694527
decoder.model.14,decoder.model.14,ELU,skip,{},0.017813799902796745,0.015350425615906715,1.0172094106674194,5374.425425677684,5762.3327617080395,12515.751008064517,0.024197682738304138,VALID,0,False,,,,tof.wav,0.017813799902796745
decoder.model.1,decoder.model.1,SLSTM,skip,{},0.013883714564144611,0.014863483607769012,1.129434585571289,2779.658772731965,3822.4107949073596,5917.590725806452,0.03865239396691322,VALID,0,False,,,,tof.wav,0.013883714564144611
decoder.model.5,decoder.model.5,ELU,skip,{},0.010854045860469341,0.011190662160515785,0.8187487721443176,3659.1421220886737,4265.153308236497,7409.652217741936,0.0454610139131546,VALID,0,False,,,,tof.wav,0.010854045860469341
decoder.model.8,decoder.model.8,ELU,skip,{},0.009476953186094761,0.01310540921986103,0.8639344573020935,3722.391573530191,4122.759249366949,7845.010080645161,0.034919846802949905,VALID,0,False,,,,tof.wav,0.009476953186094761
decoder.model.11,decoder.model.11,ELU,skip,{},0.009242814965546131,0.010174798779189587,0.9446427226066589,4272.982185023477,4427.768362332129,8739.415322580646,0.04381208121776581,VALID,0,False,,,,tof.wav,0.009242814965546131
decoder.model.2,decoder.model.2,ELU,skip,{},0.002802253235131502,0.003962523769587278,0.28990885615348816,3841.6143415668225,4369.554545808593,7938.508064516129,0.043096866458654404,VALID,0,False,,,,tof.wav,0.002802253235131502
