layer,operation,parameters,runs,mae_median,mae_iqr,mae_mean,raw_mae_median,mrstft_median,valid_ratio,clipped_ratio,silent_ratio,invalid_ratio
decoder.model.13,skip,{},4,0.10566951334476471,0.01506137102842331,0.10317101702094078,0.6184888780117035,8.642410278320312,1.0,0.5,0.0,0.0
decoder.model.4,skip,{},4,0.09103012457489967,0.01265774853527546,0.09041116945445538,0.09244555048644543,2.6295366287231445,1.0,0.0,0.0,0.0
decoder.model.7,skip,{},4,0.08433730900287628,0.025131123140454292,0.08765150047838688,0.09036898612976074,3.0323697328567505,1.0,0.0,0.0,0.0
decoder.model.10,skip,{},4,0.0696161538362503,0.017519495449960232,0.07289785612374544,0.0971364788711071,2.9037214517593384,1.0,0.0,0.0,0.0
decoder.model.14,skip,{},4,0.018830101937055588,0.0034682070836424828,0.018374099396169186,0.02704856637865305,1.1003979444503784,1.0,0.0,0.0,0.0
decoder.model.1,skip,{},4,0.015148092061281204,0.0024505448527634144,0.016750700306147337,0.016575283836573362,0.9226578772068024,1.0,0.0,0.0,0.0
decoder.model.8,skip,{},4,0.014629644807428122,0.0021242175716906786,0.01454584882594645,0.015155009925365448,0.8697500824928284,1.0,0.0,0.0,0.0
decoder.model.5,skip,{},4,0.014018499292433262,0.006117844255641103,0.014308006269857287,0.016061422880738974,0.7532530426979065,1.0,0.0,0.0,0.0
decoder.model.11,skip,{},4,0.010695696342736483,0.0020495818462222815,0.011591752292588353,0.011638532858341932,0.8786749243736267,1.0,0.0,0.0,0.0
decoder.model.2,skip,{},4,0.005199118750169873,0.0028768066549673676,0.0052934420527890325,0.005453936522826552,0.3035046458244324,1.0,0.0,0.0,0.0
